,Scholarship Name,Eligibility,Region,Deadline,Award,Important Links,Description,Email,Contact Number,Contact Details,link,category
0,IIT Bhubaneswar Post Doctoral Fellowship Programme 2020,PhD degree holders,India,Always Open,"INR 45,000 to INR 55,000 per month plus HRA","{'Apply online link': 'http://webapps.iitbbs.ac.in/pdf-application/pdf-registration.php', 'Latest scholarship link': 'http://webapps.iitbbs.ac.in/pdf-application/index.php', 'Others': 'http://webapps.iitbbs.ac.in/pdf-application/pdf-usefull-info-01.pdf'}","The Indian Institute of Technology, Bhubaneswar is inviting applications for IIT Bhubaneswar Post Doctoral Fellowship Programme 2020 from PhD degree holders below 35 years of age. The fellows will be required to participate in the teaching and research activities of the Institute including mentoring young undergraduates and post-graduate students. The selected fellows will receive a fellowship of  INR 45,000 to INR 55,000 per month plus HRA (depending upon the experience and qualification).",ar.acad@iitbbs.ac.in,0674-7134578,"Assistant Registrar (Academic Affairs)
Indian Institute of Technology Bhubaneswar
Argul, Khordha-752050, ODISHA
E-mail id – ar.acad@iitbbs.ac.in
Contact No. – 0674-7134578",http://webapps.iitbbs.ac.in/pdf-application/index.php,mixed
1,The UGC-BSR Faculty Fellowship 2020,Teachers in Science and Technology,India,Always Open,"INR 50,000 per month and a research grant of INR 5 lakh per annum","{'Original website': 'http://ugcfrps.ac.in/uohyd/', 'Latest scholarship link': 'https://www.ugc.ac.in/pdfnews/4188867_BSR-Faculty-Fellowship-revised-guidelines.pdf', 'Apply online link': 'http://ugcfrps.ac.in/uohyd/the-ugc-bsr-faculty-fellowship/'}","University Grants Commission Basic Scientific Research (UGC-BSR) invites applications for The UGC-BSR Faculty Fellowship 2020 from talented teachers in Science and Technology who are at the verge of superannuation to continue their productive research for an additional period of three years after superannuation. The selected candidates will receive INR 50,000 per month and a research grant of INR 5,00,000 per annum (on yearly basis).",nc.ugcfrps@uohyd.ac.in,Null,"National Coordinator
Faculty Research Promotion Schemes
School of Chemistry
University of Hyderabad
Hyderabad - 500046.
Email: nc.ugcfrps@uohyd.ac.in",https://www.ugc.ac.in/pdfnews/4188867_BSR-Faculty-Fellowship-revised-guidelines.pdf,mixed
2,ILBS-TATA Fellowship 2020,"Eminent clinicians, basic scientists and young researchers",India,Always Open,Monthly remuneration and other benefits,"{'Original website': 'https://www.ilbs.in/', 'Apply online link': 'https://www.ilbs.in/?page=content&itemid=401'}",The Insitute of Liver and Biliary Sciences (ILBS) with the funding from Tata Education and Development Trust is offeringILBS-TATA Fellowship 2020 to eminent clinicians and basic scientists from around the world as well as young researchers working in the field of regenerative medicine. The fellowship offers two senior and three junior positions for a duration of 3-12 months. The fellowship recipients can avail monthly remuneration and other benefits.,tatafellowship@ilbs.in,Null,"Email: tatafellowship@ilbs.in
Phone no - 46300000",https://www.ilbs.in/,mixed
3,IIT Kharagpur Post Doctoral Fellowships 2020,PhD degree holders,India,Always Open,Variable awards,"{'Apply online link': 'https://erp.iitkgp.ac.in/PDFApplications/Login.jsp', 'Latest scholarship link': 'http://www.iitkgp.ac.in/academics-post-doc-fellowships'}","Indian Institute of Technology Kharagpur invites applications for IIT Kharagpur Post Doctoral Fellowships 2020 from PhD degree holders. The fellowship is being offered with a view to providing an opportunity for competent researchers to do independent research work in an advanced area of science and technology. The selected fellows will receive a monthly fellowship and a contingency grant of INR 25,000 per annum.",asregpgr@adm.iitkgp.ac.in,+91-3222-255221,"ASSISTANT REGISTRAR (PGS&R)
Indian Institute of Technology, Kharagpur
Kharagpur - 721302
West Bengal
Email :
asregpgr@adm.iitkgp.ac.in
Phone: +91-3222-255221",http://www.iitkgp.ac.in/academics-post-doc-fellowships,other
4,IIT Bombay Institute Post-Doctoral Fellowship 2020,PhD degree holders and research scholars,India,Always Open,"Up to INR 71,000 per month and other benefits","{'Others': 'http://www.iitb.ac.in/sites/default/files/Rolling%20Advt%20D-26%20faculty%20Recruitment.pdf', 'Latest scholarship link': 'http://www.iitb.ac.in/en/careers/institute-post-doctoral-fellows', 'Original website': 'http://www.iitb.ac.in/en', 'Apply online link': 'http://www.iitb.ac.in/en/careers/application-forms-faculty-positions-and-post-docs'}","Indian Institute of Technology, Bombay invites applications for Institute Post-Doctoral Fellowship 2020 from PhD degree holders and research scholars. The fellowships are available in various academic departments, centres, schools and inter-disciplinary programs. The fellows selected for the position can avail a monthly stipend of up toINR 71,000 per month.",dean.fa@iitb.ac.in,Null,"IIT Bombay, Powai, Mumbai 400076
Maharashtra, India
Phone: +91 (22) 2576 7009
Fax:+91 (22) 2572 3546
Email:
dean.fa@iitb.ac.in
,
dean.fa.office@iitb.ac.in",http://www.iitb.ac.in/en/careers/institute-post-doctoral-fellows,mixed
5,Institute for Social and Economic Change SRTT Visiting Fellowship 2020,Research scholars,India,Always Open,Variable awards,"{'Latest scholarship link': 'http://www.isec.ac.in/srtt-fellowships.htm', 'Apply online link': 'http://www.isec.ac.in/SRTT-application-2010.pdf', 'Original website': 'http://www.isec.ac.in/isec1.htm'}","Institute for Social and Economic Change, Bangalore in association with Sir Ratan Tata Trustinvites applications for SRTT Visiting Fellowship 2020 from research scholars. Proposals will be accepted from scholars who wish to undertake research studies at the Institute for a period not exceeding 3 months, in the field of social sciences. The Institute will try to protect their actual salary and reimburse their travel costs twice from their place of residence to Bangalore and back.",registrar@isec.ac.in,Null,"Institute for Social and Economic Change
Dr. VKRV Rao Road
Nagarabhavi
Bangalore 560072
Mail -
registrar@isec.ac.in
.",http://www.isec.ac.in/srtt-fellowships.htm,other
6,Indian Council of Medical Research Emeritius Scientist Scheme 2020,Scientists,India,Always Open,"INR 60,000 per month and other benefits","{'Apply online link': 'https://main.icmr.nic.in/sites/default/files/upload_documents/EMS_Application_Form.pdf', 'Original website': 'https://main.icmr.nic.in/', 'Latest scholarship link': 'https://main.icmr.nic.in/content/icmr-emeritus-scientist'}","Indian Council of Medical Research (ICMR) invites applications forIndian Council of Medical Research Emeritus Scientist Scheme 2020 from scientists who have retired or about to retire. The selected scientists will receive an honorarium of INR 60,000 in addition to pension/provident fund, and a contingency grant of up to INR 1,00,000 per annum.",icmrhqds@sansad.nic.in,011 2658 8895,"Indian Council of Medical Research (ICMR)
V. Ramalingaswami Bhawan,
Ansari Nagar, New Delhi, Delhi 110029
Phone: 011 2658 8895
Email: icmrhqds@sansad.nic.in",https://main.icmr.nic.in/content/icmr-emeritus-scientist,mixed
7,Tel Aviv University Postdoctoral Fellowship 2019-20,Ph.D and Post-Doctoral scholars,Israel,Always Open,"USD 8,500 per annum and other benefits","{'Original website': 'https://international.tau.ac.il/Doctoral_Programs', 'Apply online link': 'http://bit.ly/2SQa1RC'}","Tel Aviv University is providing an opportunity to master's students from across the world to become a part of a multi-diverse research community while availing scholarship benefits, at its international campus in Israel. The Doctoral and Post-Doctoral programs at the Tel Aviv University provide students with a chance to attain their international research degree in English language and join the next generation of academic researchers and teachers. Along with a unique cultural, financial and technological exposure, the university is offering reduced tuition fee or financial assistance for international students. Indian students can avail the TATA TRUSTS -TAU Scholarship to get these benefits.",gilah@tauex.tau.ac.il,+972-3-6404543,"Gila Holtzman
Tel Aviv University, Israel
Phone: +972-3-6404543
​Email: gilah@tauex.tau.ac.il / tauasia@tauex.tau.ac.il",https://international.tau.ac.il/Doctoral_Programs,mixed
8,IIT Delhi Post Doctoral Fellowships 2020,PhD degree holders,India,Always Open,"INR 60,000 per month","{'Original website': 'http://www.iitd.ac.in/', 'Latest scholarship link': 'https://home.iitd.ac.in/jobs-iitd/index.php', 'Apply online link': 'https://home.iitd.ac.in/uploads/advt-PDF-2018.pdf'}","Indian Institute of Technology Delhi invites applications for IIT Delhi Post Doctoral Fellowships 2020 from PhD degree holders. The fellowship is meant for Indian Nationals, Persons of Indian Origin (PIOs) and Overseas Citizens of India (OCIs) in the various Departments/Centres/Schools. The selected fellows will receive a consolidated fellowship ofINR 50,000 per month.",ar_e1@admin.iitd.ac.in,+91-11-26591716,"Assistant Registrar (E-I) IIT Delhi,
Hauz Khas,
New Delhi-110016 (INDIA)
Telephone: +91-11-26591716
Fax: +91-11-26597216
E-mail: ar_e1@admin.iitd.ac.in",https://home.iitd.ac.in/jobs-iitd/index.php,monetary
9,UGC Research Fellowship in Science 2020,Sciences for meritorious students,India,Always Open,"INR 8,000 per month and contingency grant of INR 6,000 pa","{'Original website': 'https://www.ugc.ac.in/', 'Apply online link': 'https://www.ugc.ac.in/oldpdf/xiplanpdf/meritorious%20students.pdf'}","University Grants Commission (UGC) invites applications for UGC Research Fellowship in Science 2020 from students registered in PhD in Science subjects at universities with Potential for Excellence/Centres with Potential for Excellence/Centres of Advance Studies and Department of Special Assistance identified by UGC. Selected fellows will receive a fellowship amount of INR 8,000 per month and a contingency grant of INR 6,000 per annum.",Null,0120-6895200,"Bahadur Shah Zafar Marg
ITO Metro Gate Number 3
Road, New Delhi, Delhi 110002
Phone: 0120-6895200",https://www.ugc.ac.in/,mixed
10,SERB Research Scientists Scheme 2020,INSPIRE faculty and Ramanujan fellows,India,Always Open,"INR 1,20,000 per month and other benefits","{'Apply online link': 'http://www.serb.gov.in/srs.php', 'Original website': 'http://www.serb.gov.in/home.php'}","Science and Engineering Research Board (SERB) invites nominations for the SERB Research Scientists Scheme 2020 from INSPIRE Faculty and Ramanujan Fellows. This scheme offer opportunities for young scientists to initiate and sustain research careers in various fields of science and engineering. These schemes do not offer an extension of the fellowship after completion of five years. The selected candidates will be entitled to receive a consolidated emolument of INR 1,20,000 per month and other benefits.",info@serbonline.in,Null,"Science and Engineering Research Board (SERB)
5 & 5A, Lower Ground Floor,
Vasant Square Mall,
Sector-B, Pocket-5, Vasant Kunj,
New Delhi- 110 070
Contact no.: 011–40000310
Email Id: info@serbonline.in",http://www.serb.gov.in/home.php,mixed
11,CSIR Nehru Science Postdoctoral Research Fellowship 2020,PhD degree holders,India,Always Open,"INR 65,000 per month and other benefits","{'Apply online link': 'https://csirhrdg.res.in/Home/Index/1/Default/972/55', 'Original website': 'http://www.csirhrdg.res.in/'}","Council of Scientific and Industrial Research (CSIR) is inviting applications from CSIR Nehru Science Postdoctoral Research Fellowship 2020 from PhD degree holders below 32 years of age. The fellowship aims to identify promising young researchers with innovative ideas and provide them with training and research opportunities in niche area of basic science, engineering, agriculture and medicine. The selected fellows will be paid a consolidated fellowship of INR 65,000 per month, House Rent Allowance (HRA) as admissible and a contingency grant of INR 3 Lakh per annum.",itweb@csir.res.in,Null,"CSIR-Human Resource Development Group
CSIR Complex, Library Avenue
Pusa, New Delhi-110012
New Delhi-110067, India
Email: itweb@csir.res.in",http://www.csirhrdg.res.in/,mixed
12,Visiting Advanced Joint Research Faculty Scheme (VAJRA) 2020,Overseas scientists or faculty,India,Always Open,"Up to USD 15,000 per month","{'Latest scholarship link': 'https://www.serbonline.in/SERB/vajra', 'Original website': 'https://www.serbonline.in/SERB/HomePage', 'Apply online link': 'https://www.serbonline.in/SERB/Registration'}","Science and Engineering Research Board (SERB) invites applications for Visiting Advanced Joint Research Faculty Scheme (VAJRA) 2020 from overseas scientists, faculty and active researchers. The key objective of this faculty scheme is to bring a strong international connect to the R&D ecosystem of India. Selected candidates will receive USD 15,000 in the first month of residence and USD 10,000 in each of the subsequent months.",response@serb.gov.in,Null,"Science and Engineering Research Board (SERB)
5 & 5A, Lower Ground Floor,
Vasant Square Mall,
Sector-B, Pocket-5, Vasant Kunj,
New Delhi - 110 070
Phone: 011–40000398
Email: response@serb.gov.in",https://www.serbonline.in/SERB/vajra,monetary
13,Post Doctoral Fellowships at IIT Palakkad 2020,Doctoral degree holders and PhD students,India,Always Open,"Up to INR 55,000 per month and other benefits","{'Apply online link': 'https://iitpkd.ac.in/post-doctoral-fellowships-iit-palakkad', 'Latest scholarship link': 'https://iitpkd.ac.in/sites/default/files/research/Postdoctoralfellow-Guidelines.pdf', 'Original website': 'https://iitpkd.ac.in'}","Indian Institute of Technology, Palakkad invites applications for Post Doctoral Fellowships at IIT Palakkad 2020 from doctoral degree holders and PhD students who have submitted their thesis. Selected fellows will get fellowship amount of up to INR 55,000 per month and several other benefits.",netadmin@iitpkd.ac.in,04923 226 577,"Indian Institute of Technology Palakkad
Ahalia Integrated Campus
Kozhippara P. O - Palakkad
Kerala, Pin: 678557
Phone: 04923 226 577
Email: netadmin@iitpkd.ac.in",https://iitpkd.ac.in/sites/default/files/research/Postdoctoralfellow-Guidelines.pdf,mixed
14,Physical Research Laboratory Post-Doctoral Fellowship 2020,PhD candidates,India,Always Open,"Up to INR 54,000 per month","{'Apply online link': 'https://www.prl.res.in/prl-eng/pdf', 'Original website': 'https://www.prl.res.in/prl-eng/home'}","The Physical Research Laboratoryinvites applications for the Physical Research Laboratory Post-Doctoral Fellowship 2020 from PhD candidates. The aim of this fellowship is to promote post-doctoral research in areas of laboratory. Selected fellows will get up to INR 54,000 per month and other benefits.",pdf@prl.res.in,+91-79-26314 000,"Physical Research Laboratory
Navrangpura,
Ahmedabad - 380 009, India
Phone: +91-79-26314 000
Email:
pdf@prl.res.in",https://www.prl.res.in/prl-eng/home,monetary
15,IITDM Kancheepuram Postdoctoral Research Fellowships 2020,PhD degree holders,India,Always Open,Variable awards,"{'Apply online link': 'http://iiitdm.ac.in/img/Others/Rolling_Advt_PostDoc.pdf', 'Original website': 'http://www.iiitdm.ac.in/'}","Indian Institute Information Technology, Design, and Manufacturing, Kancheepuram invites applications from PhD degree holders for IITDM Kancheepuram Postdoctoral Research Fellowships 2020. The aim of this fellowship is to support the researchers in undertaking independent research work in advanced areas of engineering and technology. Selected scholars will get INR 50,000 per month for the first year and INR 55,000 for the second year, and conference travel and a contingency grant of INR 1,00,000 per year.",dean-ac@iiitdm.ac.in,Null,"Dr. Binsu J Kailath
Dean Academics
Indian Institute of Information Technology Design and Manufacturing
Melakottaiyur, Off Vandalur- Kelambakkam Road
Chennai – 600127
Email:
dean-ac@iiitdm.ac.in",http://www.iiitdm.ac.in/,other
16,University of Melbourne Science Graduate International Scholarship 2020,Science graduate students,Australia,Always Open,"Up to AUD 10,000","{'Apply online link': 'https://scholarships.unimelb.edu.au/awards/science-graduate-scholarships-international', 'Original website': 'https://unimelb.edu.au/'}","University of Melbourne, Australia invites applications for University of Melbourne Science Graduate International Scholarship 2020 from graduate students at the University. The scholarship aims to support high-achieving international students undertaking graduate study at the University of Melbourne. Selected students will get tuition fee remission of AUD 10,000.",scifuture-students@unimelb.edu.au,Null,"The University of Melbourne
Victoria 3010
Phone: +(61 3) 9035 5511
Email:
scifuture-students@unimelb.edu.au",https://unimelb.edu.au/,monetary
17,Monash College India-Monash Business School Undergraduate Scholarship,Undergraduate students,Australia,Always Open,"AUD 10,000 per annum","{'Original website': 'https://www.monash.edu/', 'Apply online link': 'https://www.monash.edu/study/fees-scholarships/scholarships/find-a-scholarship/monash-college-india-monash-business-school-undergraduate-scholarship?international=true'}","Monash University, Australia invites applications for Monash College India-Monash Business School Undergraduate Scholarship 2020 from bachelor's degree applicants. The scholarship aims to support the study of students who have completed the Monash College International Pathway India Program and are commencing a bachelor's degree in MBUS at an Australian campus. Selected students will receive AUD 10,000 per annum for two years.",media@monash.edu,+61 3 9903 4788,"Monash University
Victoria 3800
Australia
Phone: +61 3 9903 4788
Email:
media@monash.edu",https://www.monash.edu/,monetary
18,Monash University Maria Athanassenas Honours Scholarship 2020,Science honours degree applicants,Australia,Always Open,"AUD 3,000","{'Original website': 'https://www.monash.edu/', 'Apply online link': 'https://www.monash.edu/study/fees-scholarships/scholarships/find-a-scholarship/maria-athanassenas-honours-5681?international=true'}","Monash University, Australia invites applications for Monash University Maria Athanassenas Honours Scholarship 2020 from science honours degree applicants. The scholarship aims to support the study of students intending to enrol in a science honours degree at Monash in the area of mathematical science. Selected students will receive an award of AUD 3,000 for one year.",media@monash.edu,+61 3 9903 4788,"Monash University
Victoria 3800
Australia
Phone: +61 3 9903 4788
Email: media@monash.edu",https://www.monash.edu/,monetary
19,Monash University Lorelle and Tom Krulis Exchange Grant in Jewish Studies 2020,Undergraduate and postgraduate students,Australia,Always Open,"AUD 2,000","{'Original website': 'https://www.monash.edu/', 'Apply online link': 'https://www.monash.edu/study/fees-scholarships/scholarships/find-a-scholarship/lorelle-and-tom-krulis-exchange-grant-in-jewish-studies-5793?international=true'}","Monash University, Australia invites applications for Monash University Lorelle and Tom Krulis Exchange Grant in Jewish Studies 2020 from undergraduate and postgraduate students who have been accepted for a semester abroad at one of the partner institutions of Monash University to study Jewish Studies. The aim of this scholarship is to support the students so that they can learn more about the culture, literature, politics, and histories of Jewish civilization. Selected students will get AUD 2,000.",media@monash.edu,+61 3 9903 4788,"Monash University
Victoria 3800
Australia
Phone: +61 3 9903 4788
Email: media@monash.edu",https://www.monash.edu/,monetary
20,Monash University Gordon Preston Pure Mathematics Honours Scholarship 2020,Honours applicants,Australia,Always Open,"AUD 5,000 for one year","{'Apply online link': 'https://www.monash.edu/study/fees-scholarships/scholarships/find-a-scholarship/gordon-preston-pure-mathematics-honours-5689?international=true', 'Original website': 'https://www.monash.edu/'}","Monash University, Australia invites applications for Monash University Gordon Preston Pure Mathematics Honours Scholarship 2020 from undergraduate applicants. The scholarship aims to support the study of students who want to further their passion for pure mathematics through the research study. Selected students will receive AUD 5,000 for one year.",media@monash.edu,+61 3 9903 4788,"Monash University
Victoria 3800
Australia
Phone: +61 3 9903 4788
Email: media@monash.edu",https://www.monash.edu/,monetary
21,Monash International Merit Scholarship 2020,Undergraduate and postgraduate degree applicants,Australia,Always Open,"AUD 10,000 per annum","{'Original website': 'https://www.monash.edu/', 'Latest scholarship link': 'https://www.monash.edu/study/fees-scholarships/scholarships/find-a-scholarship/international-merit-5770?international=true', 'Apply online link': 'https://docs.google.com/forms/d/e/1FAIpQLSfgqQA20MmcS9tu1az8IEK9CJcnFTBEDy7oTVTPZsmjMcLHaw/viewform'}","Monash University, Australia invites applications for Monash International Merit Scholarship 2020 from current and future students intending to pursue an undergraduate or postgraduate course at Monash University. A total of 31 selected students will receive a benefit of AUD 10,000 per annum.",Null,1800 666 274,"Monash University
Victoria 3800
Australia
Phone: 1800 666 274, +61 3 9903 4788",https://www.monash.edu/study/fees-scholarships/scholarships/find-a-scholarship/international-merit-5770?international=true,monetary
22,Monash University Ian Little Honours Scholarship 2020,B.Com. (Hons.) and Bachelor of Economics (Hons.) applicants,Australia,Always Open,"AUD 15,000","{'Apply online link': 'https://www.monash.edu/study/fees-scholarships/scholarships/find-a-scholarship/ian-little-honours-scholarship-5769?international=true', 'Original website': 'https://www.monash.edu/'}","Monash University, Australia is offering IanLittle Honours Scholarship 2020 to students who wish to pursue an Honours degree in Economics from Monash Business School. This scholarship award is intended to provide financial assistance to the deserving and meritorious students. Selected one scholar will receive AUD 15,000 for one year under this scholarship scheme.",Null,1800 666 274,"Monash University
Victoria 3800
Australia
Phone: 1800 666 274, +61 3 9903 4788",https://www.monash.edu/,monetary
23,Monash University Biomedicine International Articulation Scholarship 2020,Bachelor of Biomedical Science applicants,Australia,Always Open,"AUD 3,000 per annum","{'Original website': 'https://www.monash.edu/', 'Apply online link': 'https://www.monash.edu/study/fees-scholarships/scholarships/find-a-scholarship/biomedicine-international-articulation-scholarship?international=true'}","Monash University, Australia invites applications for Monash University Biomedicine International Articulation Scholarship 2020 from students commencing the Bachelor of Biomedical Science course at the Clayton campus of the university. Selected students will receive AUD 3,000 per annum for a maximum of three years.",media@monash.edu,+61 3 9903 4788,"Monash University
Victoria 3800
Australia
Phone: +61 3 9903 4788
Email:
media@monash.edu",https://www.monash.edu/,monetary
24,Monash University Engineering Excellence Scholarship 2020,Engineering undergraduate students,Australia,Always Open,"AUD 6,000 per annum","{'Apply online link': 'https://www.monash.edu/study/fees-scholarships/scholarships/find-a-scholarship/engineering-excellence-4093A?international=true', 'Original website': 'https://www.monash.edu/'}","Monash University, Australia invites applications for Monash University Engineering Excellence Scholarship 2020 from engineering undergraduate students. The scholarship aims to support commencing Engineering students and is awarded based on academic achievement. Selected students will get AUD 6,000 per annum for a maximum duration of four years.",media@monash.edu,+61 3 9903 4788,"Monash University
Victoria 3800
Australia
Phone: +61 3 9903 4788
Email:
media@monash.edu",https://www.monash.edu/,monetary
25,Monash University Master of Professional Engineering International Scholarship 2020,Master's degree applicants,Australia,Always Open,"AUD 10,000","{'Original website': 'https://www.monash.edu/', 'Apply online link': 'https://www.monash.edu/study/fees-scholarships/scholarships/find-a-scholarship/master-of-professional-engineering-international-scholarship?international=true#scholarship-details'}","Monash University, Australia invites applications for Monash University Master of Professional Engineering International Scholarship 2020 from international students enrolling in the Master of Professional Engineering program at Monash campus. Selected students will get AUD 10,000 per 48 credit points of study for a maximum of two years.",media@monash.edu,+61 3 9903 4788,"Monash University
Victoria 3800
Australia
Phone: +61 3 9903 4788
Email: media@monash.edu",https://www.monash.edu/,monetary
26,"Jai Bhim Mukhyamantri Pratibha Vikas Yojna, Delhi 2020",Coaching classes students,India,Always Open,"Up to INR 1,00,000","{'Original website': 'http://scstwelfare.delhigovt.nic.in/wps/wcm/connect/DoIT_Welfare/welfare/home/', 'Latest scholarship link': 'http://scstwelfare.delhigovt.nic.in/wps/wcm/connect/ad842f004b536ad390d6b069afcf294d/Jai+Bheem.pdf?MOD=AJPERES&lmod=526996447&CACHEID=ad842f004b536ad390d6b069afcf294d&Jai%20Bheem%20Guidelines/Format'}","Council of Ministers, Government of NCT of Delhi invites applications forJai Bhim Mukhyamantri Pratibha Vikas Yojna, Delhi 2020from students studying in the coaching institutes of Delhi and having a family income less than INR 8,00,000 per annum. This scholarship aims to support the study of all the needy students who wish to make their dream come true.",dscstschscheme.delhi@gov.in,011-23379511,"Department for the welfare of SCs, STs, OBCs, and Minorities,
Government of NCT of Delhi, B Block,
2nd Floor, Vikas Bhawan,
I.P. Estate, New Delhi-110002,
Phone-
011-23379511,
Email-
dscstschscheme.delhi@gov.in",http://scstwelfare.delhigovt.nic.in/wps/wcm/connect/ad842f004b536ad390d6b069afcf294d/Jai+Bheem.pdf?MOD=AJPERES&lmod=526996447&CACHEID=ad842f004b536ad390d6b069afcf294d&Jai%20Bheem%20Guidelines/Format,monetary
27,J.C Bose Grant for Scientist and Engineers 2025,Scientists,India,Closed,"Research grant of ₹25,000 per month and an overhead of ₹1,00,000 per annum","{'Latest scholarship link': 'https://anrfonline.in/ANRF/jcbose_anrf', 'Apply online link': 'https://anrfonline.in/ANRF/'}","J.C Bose Grant for Scientist and Engineers 2025 is an opportunity offered by the Anusandhan National Research Foundation (ANRF), formerly the Science & Engineering Research Board (SERB), to outstanding scientists/researchers. It aims to recognise the performance and contributions of such individuals. The grant provides an annual research grant of ₹25 lakh and an annual overhead of ₹1 lakh.Source:Anusandhan National Research Foundation",support@anrfonline.in,Null,"Anusandhan National Research Foundation (ANRF)
4th Floor, AI Block, Technology Bhawan Complex
New Mehrauli Road, New Delhi-110016
Email ID:
support@anrfonline.in
| Phone Number:
(011) 26552197/26552179",https://anrfonline.in/ANRF/jcbose_anrf,mixed
28,Institute Post Doctoral Fellowship - IIT Ropar 2020,PhD degree holders,India,Always Open,"INR 45,000 - INR 55,000 and other benefits","{'Original website': 'http://www.iitrpr.ac.in/logo-iit-ropar', 'Apply online link': 'http://www.iitrpr.ac.in/sites/default/files/ApplicationForm_3_0.pdf', 'Latest scholarship link': 'http://www.iitrpr.ac.in/institute-post-doctoral-fellowship'}","IIT Ropar invites applications for Institute Post Doctoral Fellowship - IIT Ropar 2020 from PhD degree holders to join as a Post Doctoral Fellow in the various Departments/Centres of IIT Ropar. The fellowship aims to encourage bright minds to carry out research programmes at IIT Ropar. The selected fellows will receive a consolidated fellowship of INR 45,000 to INR 55,000 (depending upon the qualification and experience) and other benefits.",Null,Null,"Address:
Indian Institute of Technology Ropar,
Nangal Road, Rupnagar,
Punjab, India 140001.",http://www.iitrpr.ac.in/institute-post-doctoral-fellowship,mixed
29,"Faculty of Engineering Dean's Merit Scholarship 2020, Canada",Undergraduate applicants,Canada,Always Open,"CAD 4,000 to 5,000","{'Apply online link': 'https://scholarships.uottawa.ca/', 'Original website': 'https://www.uottawa.ca/', 'Latest scholarship link': 'https://www.uottawa.ca/financial-aid-awards/scholarships-and-bursaries', 'Others': 'https://scholarships.uottawa.ca/p/a/17541/'}","The University of Ottawa invites applications for Faculty of Engineering Dean's Merit Scholarship 2020 from commencing engineering students of the university. This scholarship aims to recognize the outstanding newly admitted students at the Faculty of Engineering. The selected student will receive up to CAD 5,000.",loansandawards@uOttawa.ca,613-562-5734,"Financial Aid and Awards
Desmarais Building
55 Laurier Avenue East, Room 3156
Ottawa, ON K1N 6N5
Canada
Phone:
613-562-5734
Email:
loansandawards@uOttawa.ca",https://www.uottawa.ca/financial-aid-awards/scholarships-and-bursaries,other
30,Deakin India 20% Postgraduate Bursary 2021,Postgraduate degree applicants,Australia,Always Open,20% tuition fee waiver,"{'Latest scholarship link': 'https://www.deakin.edu.au/courses/fees-scholarships/scholarships/find-a-scholarship/deakin-india-pg20-bursary', 'Others': 'https://www.deakin.edu.au/courses/key-dates', 'Original website': 'https://www.deakin.edu.au'}","Deakin University, Australia invites applications for Deakin India 20% Postgraduate Bursary 2021 from Indian graduate students. The purpose of this bursary is to assist deserving students in paying for their university fees and all study costs. The selected students will receive 20% of their total tuition fees.",southasia@deakin.edu.au,+61 3 9244 6100,"Deakin University
Locked Bag 20000
Geelong VIC 3220
Australia
Phone: +61 3 9244 6100
Email: southasia@deakin.edu.au",https://www.deakin.edu.au/courses/fees-scholarships/scholarships/find-a-scholarship/deakin-india-pg20-bursary,tuition_waiver
31,Deakin Vice Chancellor’s International Scholarship 2020,Postgraduate coursework applicants,Australia,Always Open,Full or 50% tuition fees waiver,"{'Latest scholarship link': 'https://www.deakin.edu.au/courses/fees-scholarships/scholarships/find-a-scholarship/deakin-vice-chancellors-international-scholarship', 'Original website': 'https://www.deakin.edu.au'}","Deakin University, Australia invites applications for Deakin Vice Chancellor’s International Scholarship 2020 from students commencing a coursework degree at the university. The aim of this scholarship is to recognize the students with excellent academic performance and potential to make a leading contribution to the university and its campuses. Selected students will get full or 50% tuition fees reduction and other benefits.",deakin-international@deakin.edu.au,+61 3 9627 4877,"Deakin University
Locked Bag 20000
Geelong VIC 3220
Australia
Phone: +61 3 9627 4877
Email:
deakin-international@deakin.edu.au",https://www.deakin.edu.au/courses/fees-scholarships/scholarships/find-a-scholarship/deakin-vice-chancellors-international-scholarship,tuition_waiver
32,Deakin University International Scholarship 2020,Postgraduate coursework applicants,Australia,Always Open,25% tuition fee reduction,"{'Original website': 'https://www.deakin.edu.au', 'Latest scholarship link': 'https://www.deakin.edu.au/courses/fees-scholarships/scholarships/find-a-scholarship/deakin-international-scholarship'}","Deakin University, Australia invites applications for Deakin University International Scholarship 2020 from students commencing a coursework degree at the university. The aim of this scholarship is to recognize the students with excellent academic performance and potential to make a leading contribution to the university and its campuses. Selected students will get a 25% reduction in tuition fees for the normal duration of the course.",deakin-international@deakin.edu.au,+61 3 9627 4877,"Deakin University
Locked Bag 20000
Geelong VIC 3220
Australia
Phone: +61 3 9627 4877
Email:
deakin-international@deakin.edu.au",https://www.deakin.edu.au/courses/fees-scholarships/scholarships/find-a-scholarship/deakin-international-scholarship,tuition_waiver
33,Arthur F. Church Entrance Scholarships,Undergraduate degree applicants,Canada,Always Open,"CAD 10,000","{'Original website': 'https://uwaterloo.ca', 'Latest scholarship link': 'https://uwaterloo.ca/undergraduate-entrance-awards/awards/arthur-f-church-entrance-scholarships'}","University of Waterloo, Canada invites applications for Arthur F. Church Entrance Scholarships from outstanding students enrolling in the first year of the undergraduate engineering program at the Faculty of Engineering. The purpose of this scholarship is to encourage meritorious students to attend the university and pursue engineering studies. Under this scholarship scheme, two exceptional students, one from Mechatronics Engineering and one from Computer Engineering or Systems Design Engineering will be awarded CAD 10,000.",Null,519-888-4567,"University of Waterloo
200 University Avenue West
Waterloo, Ontario, N2L 3G1
Phone: 519-888-4567",https://uwaterloo.ca/undergraduate-entrance-awards/awards/arthur-f-church-entrance-scholarships,other
34,UTS Science International Scholarship for Australian Year 12 Students 2020,Undergraduate applicants,Australia,Always Open,"AUD 5,000","{'Latest scholarship link': 'https://www.uts.edu.au/scholarship/uts-science-international-scholarship-australian-year-12-students', 'Others': 'https://www.uts.edu.au/sites/default/files/scholarship-attachments/322974_%24S1_RSPRWD_2018%20SCI_IntAwardForAustYear12Excellence_CoA_PUBLISHED.pdf', 'Original website': 'https://www.uts.edu.au'}","The University of Technology, Sydney (UTS) invites applications for UTS Science International Scholarship from Australian Year 12 Students 2020 from undergraduate applicants. Through this scholarship, the university aims to attract outstanding students to pursue an undergraduate program at the Faculty of Science at UTS. Selected students will receive scholarship of AUD 5,000 towards the tuition fees for the first session of study.",Julia.Shelley@uts.edu.au,+61 9514 7561,"Julia Shelley
International Development Manager
Faculty of Science
Phone: +61 9514 7561
Email: Julia.Shelley@uts.edu.au",https://www.uts.edu.au/scholarship/uts-science-international-scholarship-australian-year-12-students,monetary
35,UTS Postgraduate Academic Excellence Scholarship 2019,Postgraduate coursework applicants,Australia,Always Open,"AUD 5,000 towards tuition fees","{'Latest scholarship link': 'https://www.uts.edu.au/scholarship/postgraduate-academic-excellence-scholarship', 'Original website': 'https://www.uts.edu.au'}","University of Technology, Sydney invites applications for Postgraduate Academic Excellence Scholarship 2019 from graduate students. The scholarship aims to attract meritorious students to commence postgraduate coursework program at the university. Selected students will get AUD 5,000 towards the tuition fees of the first session of coursework.",reps@uts.edu.au,+61 2 9514 1531,"UTS International
Phone: +61 2 9514 1531
Email: reps@uts.edu.au",https://www.uts.edu.au/scholarship/postgraduate-academic-excellence-scholarship,monetary
36,UniSA Vice Chancellor's International Excellence Scholarship 2020,Undergraduate and postgraduate degree applicants,Australia,Always Open,50% fee reduction,"{'Latest scholarship link': 'https://international.unisa.edu.au/scholarships-and-sponsorships/vice-chancellors-international-excellence-scholarship/', 'Original website': 'https://international.unisa.edu.au', 'Others': 'https://international.unisa.edu.au/contentassets/c576211dce764d59bc4efb53978a9a22/vc-scholarship-application-form.pdf'}",The University of South Australia (UniSA) invites applications for Vice Chancellor's International Excellence Scholarship 2020 from undergraduate and postgraduate applicants. The selected students will receive50% tuition fees reductionfor up to four years of their undergraduate or postgraduate study programs.,Null,+61 8 8302 0114,"UniSA International University of South Australia,
GPO Box 2471, Adelaide, South Australia 5001, Australia
Phone: +61 8 8302 0114",https://international.unisa.edu.au/scholarships-and-sponsorships/vice-chancellors-international-excellence-scholarship/,tuition_waiver
37,University of Adelaide Global Citizens Scholarship 2020,Undergraduate and postgraduate applicants,Australia,Always Open,Up to 30% tuition fee reduction,"{'Others': 'https://international.adelaide.edu.au/system/files/media/documents/2019-09/uofa-2020-global-citizens-scholarship-tcs.pdf', 'Latest scholarship link': 'https://international.adelaide.edu.au/admissions/scholarships/the-university-of-adelaide-global-citizens-scholarship#exclusions', 'Original website': 'https://international.adelaide.edu.au'}",The University of Adelaide invites applications for Global Citizens Scholarship 2020 from international students commencing undergraduate or postgraduate degree. The scholarship aims to support students to pursue higher studies. Selected students will receive a 15% to 30% reduction in tuition fee for the standard duration of the chosen undergraduate or postgraduate degree.,Null,+61 8 8313 7335,"The University of Adelaide
Adelaide, South Australia
5005 Australia
Phone: +61 8 8313 7335",https://international.adelaide.edu.au/admissions/scholarships/the-university-of-adelaide-global-citizens-scholarship#exclusions,monetary
38,ANU College of Business & Economics International Undergraduate Scholarship 2020,Undergraduate applicants,Australia,Always Open,100% international fee tuition waiver,"{'Others': 'https://www.anu.edu.au/study/scholarships/find-a-scholarship', 'Latest scholarship link': 'https://www.anu.edu.au/study/scholarships/find-a-scholarship/anu-college-of-business-economics-international-undergraduate', 'Original website': 'https://www.anu.edu.au'}",Australian National University invites applications for ANU College of Business & Economics International Undergraduate Scholarship 2020 from class 12 passed students who wish to pursue an undergraduate program at the ANU College of Business & Economics. The goal of the scholarship is to reward meritorious students and to support their educational outcomes in terms of the development of professional skills and to prepare them for higher study or employment as well. Recipients of this scholarship would get 100% international full tuition fee waiver.,scholarships.cbe@anu.edu.au,+61 1800 620 032,"The Australian National University
Canberra ACT 2600 Australia
Phone: +61 1800 620 032, +61 2 6125 7257
Email:
scholarships.cbe@anu.edu.au",https://www.anu.edu.au/study/scholarships/find-a-scholarship/anu-college-of-business-economics-international-undergraduate,tuition_waiver
39,"Research School of Finance, Actuarial Studies and Statistics India Undergraduate Merit Scholarship 2020",Undergraduate applicants,Australia,Always Open,"AUD 10,000 per annum","{'Others': 'https://www.anu.edu.au/files/financial-support-option/RSFAS%20India%20UG%20Merit%20Scholarship%20COA%20%285852017%29.pdf', 'Original website': 'https://www.anu.edu.au', 'Latest scholarship link': 'https://www.anu.edu.au/study/scholarships/find-a-scholarship/research-school-of-finance-actuarial-studies-and-statistics-1'}","Australian National University invites applications for Research School of Finance, Actuarial Studies and Statistics India Undergraduate Merit Scholarship2020 from class 12 passed students of India. The scholarship aims to attract high-achieving students from India to pursue undergraduate studies in the field of Finance, Actuarial Studies, and Statistics at the University. The selected scholars will receive AUD 10,000per annum for their study program duration.",scholarships.cbe@anu.edu.au,+61 1800 620 032,"The Australian National University
Canberra ACT 2600 Australia
Phone: +61 1800 620 032, +61 2 6125 7257
Email: scholarships.cbe@anu.edu.au",https://www.anu.edu.au/study/scholarships/find-a-scholarship/research-school-of-finance-actuarial-studies-and-statistics-1,monetary
40,Post-Doctoral Fellowship at ARIES,PhD degree holders,India,Always Open,"INR 36,000 per month","{'Latest scholarship link': 'https://www.aries.res.in/academics/pdf.html', 'Original website': 'https://www.aries.res.in'}","The Aryabhatta Research Institute of Observational Sciences (ARIES), Uttarakhand is inviting applications from PhD degree holders for Post-Doctoral Fellowship at ARIES. The aim of the fellowship is to offer financial support to the fellows to carry out Post-Doctoral research in the fields of Astronomy & Astrophysics or Atmospheric Sciences. Successful candidates will be offered a fellowship amount of INR 36,000 per month.",directoraries@aries.res.in,+91-5942-270700,"Aryabhatta Research Institute of Observational Sciences (ARIES),
Manora Peak,
Nainital – 263 002,
Uttarakhand,
India
Phone
: +91-5942-270700
Email
:
directoraries@aries.res.in",https://www.aries.res.in/academics/pdf.html,monetary
41,University of Adelaide International Alumni Scholarship 2019,Alumni of the University of Adelaide,Australia,Always Open,Waiver of 25% on annual tuition fee,"{'Latest scholarship link': 'https://international.adelaide.edu.au/admissions/scholarships/the-2019-university-of-adelaide-alumni-scholarship-international', 'Others': 'https://international.adelaide.edu.au/sites/default/files/docs/2019-alumni-scholarship-tcs.pdf'}","TheUniversity of Adelaideinvites applications forInternational Alumni Scholarship 2019from international graduates of the University's undergraduate and postgraduate programs who have demonstrated their passion for learning and loyalty to the University by commencing in a second, third or fourth degree at the University. The scholarship recipients can benefit from awaiver of 25%on the annual tuition fee for each year of the program.",ask@adelaide.edu.au,+61 8 8313 7335,"The University of Adelaide
Adelaide, South Australia
5005 Australia
Phone: +61 8 8313 7335
Email: ask@adelaide.edu.au",https://international.adelaide.edu.au/admissions/scholarships/the-2019-university-of-adelaide-alumni-scholarship-international,tuition_waiver
42,University of Adelaide Higher Education Scholarship for International Students 2019,Undergraduate and postgraduate applicants,Australia,Always Open,Waiver of 25% on annual tuition fee,"{'Others': 'https://international.adelaide.edu.au/sites/default/files/docs/2019-higher-education-scholarship-tcs.pdf', 'Apply online link': 'https://international.adelaide.edu.au/admissions/scholarships/the-2019-university-of-adelaide-higher-education-scholarship-international'}",TheUniversity of Adelaideinvites applications forHigher Education Scholarship for International Students 2019from international students interested in pursuing an undergraduate or postgraduate degree at the University. The scholarship will be offered to international students who have demonstrated their passion for learning and loyalty to Australian education by successfully completing an AQF-recognised course or program at an Australian higher education institution prior to commencing their degree at the University of Adelaide. The scholarship recipients can benefit from awaiver of 25%on the annual tuition fee for each year of the program.,ask@adelaide.edu.au,+61 8 8313 7335,"The University of Adelaide
Adelaide, South Australia
5005 Australia
Phone: +61 8 8313 7335
Email: ask@adelaide.edu.au",https://international.adelaide.edu.au/admissions/scholarships/the-2019-university-of-adelaide-higher-education-scholarship-international,tuition_waiver
43,University of Adelaide Matching Scholarship for International Students 2019,Undergraduate and postgraduate international students,Australia,Always Open,Waiver of 15% on annual tuition fee,"{'Apply online link': 'https://international.adelaide.edu.au/admissions/scholarships/the-2019-university-of-adelaide-matching-scholarship-international/apply', 'Others': 'http://international.adelaide.edu.au/sites/default/files/docs/2019-scholarship-matching-program-tcs.pdf', 'Latest scholarship link': 'https://international.adelaide.edu.au/admissions/scholarships/the-2019-university-of-adelaide-matching-scholarship-international'}",TheUniversity of Adelaideinvites applications forMatching Scholarship for International Students 2019from international students interested in pursuing an undergraduate or postgraduate degree at the University. The scholarship opportunity is for students who hold a valid scholarship offer from another university but are still interested in considering the University of Adelaide as a potential study option. The scholarship recipients can benefit from a waiver of 15% on the annual tuition fee for each year of the program.,ask@adelaide.edu.au,+61 8 8313 7335,"The University of Adelaide
Adelaide, South Australia
5005 Australia
Phone: +61 8 8313 7335
Email: ask@adelaide.edu.au",https://international.adelaide.edu.au/admissions/scholarships/the-2019-university-of-adelaide-matching-scholarship-international,tuition_waiver
44,University of Adelaide Family Scholarship for International Students 2019,Undergraduate and postgraduate coursework students,Australia,Always Open,Waiver of 25% on annual tuition fee,"{'Latest scholarship link': 'https://international.adelaide.edu.au/admissions/scholarships/the-2019-university-of-adelaide-family-scholarship-international', 'Apply online link': 'https://international.adelaide.edu.au/admissions/scholarships/the-2019-university-of-adelaide-family-scholarship-international/apply', 'Others': 'https://international.adelaide.edu.au/sites/default/files/docs/2019-family-scholarship-tcs.pdf'}",TheUniversity of Adelaideinvites applications forFamily Scholarship for International Students 2019from international students interested in pursuing anundergraduate or postgraduate degreeat the University. The scholarship opportunity is for students who are eitherspouse or immediate familyof an existing University of Adelaide student or alumnus. The scholarship recipients can benefit from awaiver of 25%on the annual tuition fee for each year of the program.,ask@adelaide.edu.au,+61 8 8313 7335,"The University of Adelaide
Adelaide, South Australia
5005 Australia
Phone: +61 8 8313 7335
Email: ask@adelaide.edu.au",https://international.adelaide.edu.au/admissions/scholarships/the-2019-university-of-adelaide-family-scholarship-international,tuition_waiver
45,Shriram Automall Education Scholarship Programme 2019,Class 8 to 12 students,India,Always Open,"Up to INR 3,500 per year","{'Apply online link': 'https://www.samil.in/wp-content/uploads/2013/08/SAMIL-EDUCATION-SPONSORSHIP-FORM-2.pdf', 'Latest scholarship link': 'https://www.samil.in/education-scholarship-programme-by-shriramautomall', 'Others': 'https://www.samil.in/wp-content/uploads/2013/08/Scholarship-Handbill-Hindi-Web.pdf'}","Shriram Automall Education Scholarship Programme 2019is an initiative by the Shriram Automall India Limited (SAMIL) to support the education of needy children of truck drivers and commercial vehicle owners. The programme aims to eliminate any disruptions for students in pursuing education from 8th to 12th standard. By providing financial aid, the organisation aims to give back to the transporter fraternity.",contact@samil.in,+91-11-41414444,"Shriram Automall India Limited
709, Best Sky Tower, F-5, Netaji Subhash Place,
Pitampura, Delhi-110034
Phone: +91-11-41414444
Email: contact@samil.in",https://www.samil.in/education-scholarship-programme-by-shriramautomall,monetary
46,"Long Term Fellowships, EMBO 2019",PhD degree holders,Germany,Always Open,Stipend and other allowances,"{'Apply online link': 'http://applications.embo.org/01/register.php?reg=S019', 'Original website': 'https://www.embo.org/', 'Latest scholarship link': 'https://www.embo.org/funding-awards/fellowships/long-term-fellowships#about'}","EMBO is offering Long Term Fellowships, EMBO 2019 to PhD degree holders. The EMBO Long-Term Fellowships are awarded for a period of up to two years and support post-doctoral research visits to laboratories throughout Europe and the world. The selected fellows receive a stipend and other allowances under this fellowship programme.",communications@embo.org,+49 6221 88910,"EMBO
Meyerhofstrasse 1,
69117 Heidelberg, Germany
Phone: +49 6221 88910
Email: communications@embo.org",https://www.embo.org/funding-awards/fellowships/long-term-fellowships#about,mixed
47,"Otago Council Inc Scholarship 2019, New Zealand",Research Master's degree applicants,New Zealand,Always Open,One off payment of NZD 3000,"{'Latest scholarship link': 'https://www.otago.ac.nz/study/scholarships/database/search/otago624694.html', 'Apply online link': 'https://www.otago.ac.nz/graduate-research/scholarships/master/index.html', 'Original website': 'https://www.otago.ac.nz/', 'Others': 'https://evision.otago.ac.nz/sitsvision/wrd/siw_lgn'}","TheUniversity of Otagois offeringOtago Council Inc Scholarship 2019to students who wish to pursue a Research Master's Degree. The students must undergo research and data collection in the Otago region in the following fields: agriculture, pastoral, forestry, fishing, transport, communications, mining, energy, construction, scientific development and natural resources. The selected candidates can avail a scholarship worthNZD 3000.",gradresearch@otago.ac.nz,64 3 479 3077,"Graduate Research School
PO Box 56
Dunedin 9054
New Zealand
Phone: 64 3 479 3077
Email: gradresearch@otago.ac.nz",https://www.otago.ac.nz/study/scholarships/database/search/otago624694.html,other
48,"DST Postdoctoral Fellowship in Nano Science and Technology, JNCASR 2019",PhD degree holders,India,Always Open,"Monthly stipend of INR 55,000 and contigency grant","{'Original website': '\thttp://www.jncasr.ac.in/', 'Apply online link': 'http://www.jncasr.ac.in/opportunities_single.php?get_vacancies_id=103&archiv=1'}","Jawaharlal Nehru Center for Advanced Scientific Research (JNCASR) is inviting applications from PhD degree holders to apply for theDST Postdoctoral Fellowships in Nano Science and Technology, JNCASR 2019and avail fellowship worthINR 55,000 per monthfor 2 years. This highly prestigious fellowship is tenable in Research Institutions/Universities including non-profit R&D institutions anywhere in India.",academic@jncasr.ac.in,Null,"The Administrative Officer
DST Postdoctoral Fellowship in NST
Jawaharlal Nehru Centre for Advanced Scientific Research
Jakkur P.O.
Bangalore 560 064
Email: academic@jncasr.ac.in",	http://www.jncasr.ac.in/,mixed
49,Aryabhatta Post-Doctoral Fellowship (APDF) at ARIES,PhD Degree Holders,India,Always Open,"INR 75,000 per month and other benefits","{'Apply online link': 'https://www.aries.res.in/academics/apdf.html', 'Original website': 'https://www.aries.res.in'}",Aryabhatta Research Institute of Observational Sciences invites applications for Aryabhatta Post-Doctoral Fellowship (APDF) at ARIES from PhD degree holders in Astronomy and Astrophysics/Atmospheric Sciences. The key objective of the fellowship is to encourage candidates with outstanding academic records to carry out post-doctoral research at ARIES. The fellowship is initially tenable for 2 years which can be further extended to one more year after the successful review.,directoraries@aries.res.in,Null,"Aryabhatta Research Institute of Observational Sciences (ARIES)
Manora Peak
Nainital-263002
Uttarakhand (India)
Email: directoraries@aries.res.in",https://www.aries.res.in,mixed
50,Financial Assistance for Vocational Training of Widows of ESM 2019,Widows of Ex-servicemen,India,Always Open,"One-time aid of up to INR 20,000","{'Apply online link': 'http://164.100.158.73/registration.htm', 'Original website': 'http://ksb.gov.in/', 'Latest scholarship link': 'http://ksb.gov.in/vocational-training-of-widows-of-esm.htm'}","The Kendriya Sainik Board Secretariat under Department of Ex-Servicemen Welfare, Ministry of Defence, Government of India invites applications forFinancial Assistance for Vocational Training of Widows of ESM 2019from Widows of Ex-servicemen of rank up to Havaldar or equivalent. The scheme aims to provide financial assistance to widows to settle in life through vocational training and gives the opportunity to win a one-time aid of up toINR 20,000.",ksbwebsitehelpline@gmail.com,011-26715250,"Phone: 011-26715250
Email: ksbwebsitehelpline@gmail.com",http://ksb.gov.in/vocational-training-of-widows-of-esm.htm,monetary
51,Sanskriti - Prabha Dutt Fellowship,Women journalists,India,Always Open,"Scholarship grant worth INR 1,00,000","{'Original website': 'http://www.sanskritifoundation.org', 'Apply online link': 'http://www.sanskritifoundation.org/prabha-dutt-fellowship.htm'}","Sanskriti - Prabha Dutt Fellowshipencourages young women journalists who wish to investigate and research on any topic of contemporary relevance. This fellowship is given every year. The fellows may work on a book or monograph for subsequent publication within the given time frame. The fellowship program runs for 10 months and the fellows are paid a grant ofINR 1,00,000. The work can be executed in Hindi, English or any Regional Language.",fellowships@sanskritifoundation.org,+91 11 2696 3226,"Sanskriti Foundation
C-11, Qutab Institutional Area
New Delhi-110 016
Phone: +91 11 2696 3226
Email: fellowships@sanskritifoundation.org",http://www.sanskritifoundation.org,monetary
52,Telangana Pre-Matric Scholarships For SC/ST/BC/Disabled Welfare 2023-24,Classes 5 to 10 students,India,Closed,Scholarship and other grants,"{'Original website': 'https://telanganaepass.cgg.gov.in/', 'Apply online link': 'https://telanganaepass.cgg.gov.in/PrematricSsbRegistration.do', 'Latest scholarship link': 'https://telanganaepass.cgg.gov.in/PrematricLinks.do'}","Telangana Pre-Matric Scholarships For SC/ST/BC/Disabled Welfare 2023-24 is an initiative of the Government of Telangana for students from Classes 5 to 10. The aim of this scheme is to minimize the incidence of drop-out, especially during the transition from the elementary to the secondary stage and improve the participation of SC students in the Pre-Matric stage. The selected candidates will receive a scholarship up to INR 3,500 and other allowance.",help.telanganaepass@cgg.gov.in,Null,"e-PASS
Project Monitoring Unit
SPIU, Ground Floor
Damodaram Sanjeevaiah Sankshema Bhavan (DSS Bhavan)
Opposite Chacha Nehru Park, Masab Tank, Hyderabad
Email Id - help.telanganaepass@cgg.gov.in
Phone Number - (040)-23390228, (040)-23120311, (040)-23120312",https://telanganaepass.cgg.gov.in/PrematricLinks.do,mixed
53,IIT Madras Post Doctoral Fellowship for women with Break in career,PhD degree holder Women,India,Always Open,"Monthly Stipend of INR 35,000 and other benefits","{'Apply online link': 'https://www.iitm.ac.in/content/post-doctoral-fellowship-iit-madras', 'Original website': 'https://www.iitm.ac.in/'}",IIT Madras Post Doctoral Fellowship is inviting applications from women holding a PhD degree with a break in their career. The fellowship aims at providing them with an opportunity to restart their career in the field of research which they had to leave due to any personal/professional reason.,Null,Null,"Indian Institute of Technology Madras
IIT P.O., Chennai 600 036",https://www.iitm.ac.in/,mixed
54,Women Scientists Scheme (WOS-A),Women scientists between 27 and 57 years of age,India,Always Open,"Fellowship of up to INR 55,000","{'Apply online link': 'http://online-wosa.gov.in:8080/wosa/public/doWelcome.action#', 'Latest scholarship link': 'http://www.dst.gov.in/scientific-programmes/scientific-engineering-research/women-scientists-programs', 'Original website': 'http://www.dst.gov.in'}",Women Scientists Scheme (WOS-A) invites applications from women scientists and technologists between 27 and 57 years of age for pursuing research in the fields of basic/applied sciences in the frontier areas of science and engineering. The scheme aims at providing opportunities to women scientists who are desirous of returning to the mainstream science and work as bench-level scientists.,chander.m@nic.in,011-26590355,"Shri Chander Mohan
Head,
Department of Science and Technology,
Technology Bhawan
New Delhi - 110 016
Phone: 011-26590355
Email: chander.m@nic.in
Dr Vandana Singh
Scientist D,
Department of Science and Technology,
Technology Bhawan
New Delhi - 110 016
Phone: 011-26590675
Email: vandana.singh@nic.in
Mrs Namita Gupta
Scientist F,
Department of Science and Technology,
Technology Bhawan
New Delhi - 110 016
Phone: 011-26590371
Email: namita@nic.in",http://www.dst.gov.in/scientific-programmes/scientific-engineering-research/women-scientists-programs,monetary
55,Sanskriti - Kalakriti Fellowship,Artists in the age group of 25 to 40,India,Always Open,"Up to INR 50,000","{'Apply online link': 'http://www.sanskritifoundation.org/Kalakriti-Fellowship.htm', 'Original website': 'http://www.sanskritifoundation.org/'}","The Sanskriti Pratishthan invites applications for its annual Sanskriti - Kalakriti Fellowship in Performing Arts from young performing artists who wish to contribute towards enriching their respective art form. The purpose of the Fellowship is to encourage young artists to develop their potential and enhance their skills through intensive practice and or incorporating different facets of their art. The fellowship provides an opportunity to win a scholarship worth INR 50,000 to the fellows.",fellowships@sanskritifoundation.org,+91 11 2696 3226,"Sanskriti Foundation
C-11, Qutab Institutional Area
New Delhi-110 016
Phone: +91 11 2696 3226
Email: fellowships@sanskritifoundation.org",http://www.sanskritifoundation.org/,monetary
56,Sanskriti - Madhobi Chatterji Memorial Fellowship,Indian Classical Music and Dance artists,India,Always Open,Up to INR 1 Lakh,"{'Original website': 'http://www.sanskritifoundation.org/', 'Apply online link': 'http://www.sanskritifoundation.org/Madhobi-Chatterji-Memorial.htm'}",The Sanskriti Foundation invites applications for its annual Smt. Madhobi Chatterji Memorial Fellowship in Indian Classical Music and Dance from young artists who wish to contribute towards enriching the art form. The objective of the Fellowship is to encourage promising artists to develop their potential and enhance their skills by providing them the resources and time to dedicate to the art. The fellowship carries a reward ofINR 1 Lakh.,fellowships@sanskritifoundation.org,+91 11 2696 3226,"Sanskriti Foundation
C-11, Qutab Institutional Area
New Delhi-110 016
Phone: +91 11 2696 3226
Email: fellowships@sanskritifoundation.org",http://www.sanskritifoundation.org/,monetary
57,Sanskriti - Geddes Scholarship,Planning and architecture students,India,Always Open,Scholarship worth INR 45000,"{'Apply online link': 'http://www.sanskritifoundation.org/Geddes-Fellowship.htm', 'Original website': 'http://www.sanskritifoundation.org/'}","Sanskriti - Geddes Scholarshipis inviting applications for the study of the methodology and principles of Geddes town planning from students of planning and architecture/young professionals. The objective of the scholarship is to promote and advance interest in and understanding of Patrick Geddes principles of town planning. This scholarship will provide an opportunity to create awareness among young planners and architects of Geddes’ principle of place, work and folk. The selected applicants will receive a scholarship worth INR 45000 for 6 months. The candidates may be invited to present the findings in a seminar in Delhi.",fellowships@sanskritifoundation.org,Null,"Sanskriti Foundation
C-11, Qutab Institutional Area
New Delhi-110 016
Email: fellowships@sanskritifoundation.org",http://www.sanskritifoundation.org/,monetary
58,Monash International Leadership Scholarship 2020,Undergraduate or postgraduate degree applicants,Australia,Always Open,100% course fees remittance,"{'Original website': 'https://www.monash.edu/', 'Latest scholarship link': 'https://www.monash.edu/study/fees-scholarships/scholarships/find-a-scholarship/monash-international-leadership-scholarship-5571Z?international=true#scholarship-details', 'Apply online link': 'https://docs.google.com/forms/d/e/1FAIpQLSfgqQA20MmcS9tu1az8IEK9CJcnFTBEDy7oTVTPZsmjMcLHaw/viewform?fbzx=-7284736324013076242'}","Monash University, Australia invites applications for Monash International Leadership Scholarship 2020 from undergraduate and postgraduate (coursework) degree applicants. Through this scholarship, the University is looking for potential students who can turn out to be its ambassadors. Four students selected per year will get their 100% course fees paid under this scholarship scheme.",Null,1800 666 274,"Monash University
Victoria 3800
Australia
Phone: 1800 666 274, +61 3 9903 4788",https://www.monash.edu/study/fees-scholarships/scholarships/find-a-scholarship/monash-international-leadership-scholarship-5571Z?international=true#scholarship-details,tuition_waiver
59,SERB International Travel Scheme (ITS) 2020,PhD students,India,Always Open,"INR 50,000 or Actual registration fee, whichever is less","{'Apply online link': 'https://serbonline.in/SERB/its', 'Original website': 'http://serbonline.in/SERB/HomePage.do'}","Science and Engineering Research Board, Government of India invites applications for SERB International Travel Scheme (ITS) 2020 from Indian researchers. This scheme aims to provide financial assistance of Indian researchers for presenting a research paper in an international scientific event (conference, seminar, workshop etc.) held abroad. Selected scholars will get economy class air-fare by the shortest route from Air India, airport-tax and visa fees and registration fee as per actual or INR 50,000/- whichever is less.",response@serb.gov.in,Null,"Science and Engineering Research Board (SERB)
5 & 5A, Lower Ground Floor,
Vasant Square Mall
Sector-B, Pocket-5,Vasant Kunj
New Delhi - 110 070
Phone: 011–40000398
Email: response@serb.gov.in",http://serbonline.in/SERB/HomePage.do,monetary
60,Jawaharlal Nehru Memorial Fund Fellowships,"Writers, Journalists, Artists, Civil Servants, Scholars of every discipline",India,Always Open,"INR 1,00,000 per month for 2 years and other awards","{'Apply online link': 'http://www.jnmf.in/fapply.html', 'Original website': 'http://www.jnmf.in/', 'Others': 'http://www.jnmf.in/fform.html', 'Latest scholarship link': 'http://www.jnmf.in/fabout.html'}","Jawaharlal Nehru Memorial Fund invites applications for Jawaharlal Nehru Fellowship from scholars of every discipline including science and humanities. The fellowship also covers writers, artists, journalists and civil servants. It allows scholars to undertake projects of highly technical and sophisticated subjects and to study in-depth the current problems of India.",jnmf@bol.net.in,+91-11-23013641,"Administrative Secretary
Jawaharlal Nehru Memorial Fund
Teen Murti House
New Delhi-110 011
Phone:
+91-11-23013641, +91-11-23017173, +91-11-23018087, +91-11-23015897
Fax:
+91-11-23011102
Email:
jnmf@bol.net.in",http://www.jnmf.in/fabout.html,mixed
61,"University of Wollongong India Bursary, Australia 2020","Graduation, post graduation",Australia,Always Open,Up to 20% fee waiver,"{'Latest scholarship link': 'https://www.uow.edu.au/study/scholarships/international/', 'Apply online link': 'https://www.uow.edu.au/study/scholarships/international/india-bursary/', 'Original website': 'https://www.uow.edu.au/'}","University of Wollongong, Australia invites applications for University of Wollongong India Bursary, Australia 2020. This bursary aims to support the needy Indian students enrolled in the university in several undergraduate and post-graduate programs. Selected students will receive 10% fee reduction for undergraduate programs and 20% fee reduction for post-graduate programs.",Null,1300 367 869,"Northfields Ave Wollongong,
NSW 2522, Australia
Phone:
1300 367 869",https://www.uow.edu.au/study/scholarships/international/,mixed
62,UTS Science International Postgraduate Coursework Scholarship for Excellence 2020,Postgraduate coursework applicants,Australia,Always Open,"AUD 5,000","{'Original website': 'https://www.uts.edu.au', 'Others': 'https://www.uts.edu.au/sites/default/files/scholarship-attachments/322970_%24S1_RSPRWD_2018%20SCI_IntPGScholarshipForExcellence_CoA_PUBLISHED.pdf', 'Latest scholarship link': 'https://www.uts.edu.au/scholarship/uts-science-international-postgraduate-coursework-scholarship-excellence'}","The University of Technology, Sydney (UTS) invites applications for UTS Science International Postgraduate Coursework Scholarship for Excellence 2020 from postgraduate coursework aspirants. The scholarship is aimed to provide support to the commencing postgraduate students at the Faculty of Science of the university. Selected candidates will get financial assistance of AUD 5,000 for the tuition fees of the first session of study.",Julia.Shelley@uts.edu.au,+61 9514 7561,"Julia Shelley
International Development Manager
Faculty of Science
Phone: +61 9514 7561
Email: Julia.Shelley@uts.edu.au",https://www.uts.edu.au/scholarship/uts-science-international-postgraduate-coursework-scholarship-excellence,monetary
63,Mani Mann Fellowship 2018,Young musicians of 25 to 40 years,India,Always Open,INR 100000,{'Apply online link': 'http://www.sanskritifoundation.org/Mani-Mann-Fellowship.htm'},Mani Mann Fellowship 2018 is a fellowship for the young musician of age group 25 to 40 years. The duration of this fellowship will be 1 year in which applicant has to live with the guru and take guidance from him only.,Null,Null,Null,http://www.sanskritifoundation.org/Mani-Mann-Fellowship.htm,monetary
